<?xml version="1.1" encoding="UTF-8"?>
<configuration>
	<appender name="console" class="ch.qos.logback.core.ConsoleAppender">
		<encoder>
			<pattern>%d{yyyy-MM-dd HH:mm:ss.SSS} [%thread] %-5level %logger{36} - %msg%n</pattern>
		</encoder>
	</appender>

	<appender name="rollingFile" class="ch.qos.logback.core.rolling.RollingFileAppender">
		<file>logs/jty.log</file>
		<rollingPolicy class="ch.qos.logback.core.rolling.TimeBasedRollingPolicy">
			<fileNamePattern>logs/jty.%d{yyyy-MM-dd}.log</fileNamePattern>
		</rollingPolicy>
		<encoder>
			<pattern>%d{HH:mm:ss.SSS} [%thread] %-5level %logger{36} - %msg%n</pattern>
		</encoder>
		<!--  
		<filter class="ch.qos.logback.classic.filter.LevelFilter">  
	        <level>ERROR</level>  
	        <onMatch>ACCEPT</onMatch>  
	        <onMismatch>DENY</onMismatch>  
	    </filter> 过滤器只打印错误日志 -->
	</appender>

	<logger name="cn.thisfree" level="DEBUG">
		<appender-ref ref="console" />
	</logger>
	
	<!--log4jdbc -->
	<logger name="jdbc.sqltiming" level="DEBUG"/>

	<root level="WARN">
		<appender-ref ref="rollingFile" />
	</root>
	
	<!-- 下面配置一些第三方包的日志过滤级别，用于避免刷屏 -->
	<!-- <logger name="org.hibernate" level="WARN" />
	<logger name="org.springframework" level="WARN" />
	<logger name="com.opensymphony" level="WARN" />
	<logger name="org.apache" level="WARN" /> --> <!-- show parameters for hibernate sql 专为 Hibernate 定制 -->
	<!-- <logger name="org.hibernate.type.descriptor.sql.BasicBinder" level="TRACE" />
	<logger name="org.hibernate.type.descriptor.sql.BasicExtractor" level="DEBUG" />
	<logger name="org.hibernate.SQL" level="DEBUG" />
	<logger name="org.hibernate.engine.QueryParameters" level="DEBUG" />
	<logger name="org.hibernate.engine.query.HQLQueryPlan" level="DEBUG" /> -->
	
</configuration>